{"loss": 24.19162368774414, "_timestamp": 1675863198.16056, "_runtime": 6.302027940750122, "_step": 499, "_wandb": {"runtime": 25}}