{"loss": 14.837931632995605, "_timestamp": 1675854246.9608388, "_runtime": 5.157336711883545, "_step": 499, "_wandb": {"runtime": 7}}