{"loss": 15.903573989868164, "_timestamp": 1675857776.0161452, "_runtime": 5.052884340286255, "_step": 499, "_wandb": {"runtime": 8}}