{"loss": 14.758283615112305, "_timestamp": 1675856020.3640597, "_runtime": 4.893061637878418, "_step": 499, "_wandb": {"runtime": 14}}