{"loss": 19.326047897338867, "_timestamp": 1675862720.2197042, "_runtime": 6.053775072097778, "_step": 499, "_wandb": {"runtime": 5}}