{"loss": 9.201712608337402, "_timestamp": 1675862572.4128706, "_runtime": 6.4615466594696045, "_step": 499, "_wandb": {"runtime": 5}}