{"loss": 11.322538375854492, "_timestamp": 1675856997.0167754, "_runtime": 26.73961329460144, "_step": 2377, "_wandb": {"runtime": 20}}