{"loss": 15.812654495239258, "_timestamp": 1675857491.670816, "_runtime": 4.680520057678223, "_step": 499, "_wandb": {"runtime": 6}}