{"loss": 8.983726501464844, "_timestamp": 1675862281.631833, "_runtime": 5.458414077758789, "_step": 499, "_wandb": {"runtime": 4}}