{"loss": 14.409757614135742, "_timestamp": 1675853991.936489, "_runtime": 4.409326076507568, "_step": 499, "_wandb": {"runtime": 8}}